id,label,heuristicLabel,processType,stepCount,communities,entryPointId,terminalId
"proc_0_app","App → Legend","App → Legend","cross_community",5,"['comm_42','comm_44','comm_54']","Function:frontend/src/app/App.tsx:App","Function:frontend/src/app/components/MongoliaProvinceMap.tsx:Legend"
"proc_1_app","App → Truncate","App → Truncate","intra_community",5,"['comm_42']","Function:frontend/src/app/App.tsx:App","Function:frontend/src/app/components/StationMap.tsx:truncate"
"proc_2_app","App → TowerSVG","App → TowerSVG","intra_community",5,"['comm_42']","Function:frontend/src/app/App.tsx:App","Function:frontend/src/app/components/StationMap.tsx:towerSVG"
"proc_3_app","App → Row","App → Row","intra_community",5,"['comm_42']","Function:frontend/src/app/App.tsx:App","Function:frontend/src/app/components/StationMap.tsx:row"
"proc_4_app","App → TrimFreqNumber","App → TrimFreqNumber","cross_community",5,"['comm_42','comm_50','comm_49']","Function:frontend/src/app/App.tsx:App","Function:frontend/src/app/components/FrequencyPlanning.tsx:trimFreqNumber"
"proc_5_app","App → Request","App → Request","cross_community",5,"['comm_42','comm_35']","Function:frontend/src/app/App.tsx:App","Function:frontend/src/app/api/request.ts:request"
"proc_6_page","Page → PermitVO","Page → PermitVO","intra_community",4,"['comm_5']","Method:backend/src/main/java/com/freqmanage/module/permit/controller/PermitController.java:PermitController.page#1","Class:backend/src/main/java/com/freqmanage/module/permit/vo/PermitVO.java:PermitVO"
"proc_7_page","Page → PlanningVO","Page → PlanningVO","intra_community",4,"['comm_11']","Method:backend/src/main/java/com/freqmanage/module/planning/controller/PlanningController.java:PlanningController.page#1","Class:backend/src/main/java/com/freqmanage/module/planning/vo/PlanningVO.java:PlanningVO"
"proc_8_page","Page → StationVO","Page → StationVO","intra_community",4,"['comm_13']","Method:backend/src/main/java/com/freqmanage/module/station/controller/StationController.java:StationController.page#1","Class:backend/src/main/java/com/freqmanage/module/station/vo/StationVO.java:StationVO"
"proc_9_stationtype","StationType → StationTypeVO","StationType → StationTypeVO","intra_community",4,"['comm_17']","Method:backend/src/main/java/com/freqmanage/module/statistics/controller/DashboardController.java:DashboardController.stationType#0","Class:backend/src/main/java/com/freqmanage/module/statistics/vo/StationTypeVO.java:StationTypeVO"
"proc_10_provincestation","ProvinceStation → ProvinceStationVO","ProvinceStation → ProvinceStationVO","intra_community",4,"['comm_18']","Method:backend/src/main/java/com/freqmanage/module/statistics/controller/DashboardController.java:DashboardController.provinceStation#0","Class:backend/src/main/java/com/freqmanage/module/statistics/vo/ProvinceStationVO.java:ProvinceStationVO"
"proc_11_stationgrowth","StationGrowth → StationGrowthVO","StationGrowth → StationGrowthVO","intra_community",4,"['comm_19']","Method:backend/src/main/java/com/freqmanage/module/statistics/controller/DashboardController.java:DashboardController.stationGrowth#0","Class:backend/src/main/java/com/freqmanage/module/statistics/vo/StationGrowthVO.java:StationGrowthVO"
"proc_12_stationregiondetail","StationRegionDetail → StationRegionDetailVO","StationRegionDetail → StationRegionDetailVO","intra_community",4,"['comm_21']","Method:backend/src/main/java/com/freqmanage/module/statistics/controller/StatisticsController.java:StatisticsController.stationRegionDetail#0","Class:backend/src/main/java/com/freqmanage/module/statistics/vo/StationRegionDetailVO.java:StationRegionDetailVO"
"proc_13_stationregiondetail","StationRegionDetail → NormalizeType","StationRegionDetail → NormalizeType","intra_community",4,"['comm_21']","Method:backend/src/main/java/com/freqmanage/module/statistics/controller/StatisticsController.java:StatisticsController.stationRegionDetail#0","Method:backend/src/main/java/com/freqmanage/module/statistics/vo/StationRegionDetailVO.java:StationRegionDetailVO.normalizeType#1"
"proc_14_expiredstationdetail","ExpiredStationDetail → ExpiredStationVO","ExpiredStationDetail → ExpiredStationVO","intra_community",4,"['comm_23']","Method:backend/src/main/java/com/freqmanage/module/statistics/controller/StatisticsController.java:StatisticsController.expiredStationDetail#3","Class:backend/src/main/java/com/freqmanage/module/statistics/vo/ExpiredStationVO.java:ExpiredStationVO"
"proc_15_page","Page → OrganizationVO","Page → OrganizationVO","intra_community",4,"['comm_24']","Method:backend/src/main/java/com/freqmanage/module/system/controller/OrganizationController.java:OrganizationController.page#1","Class:backend/src/main/java/com/freqmanage/module/system/vo/OrganizationVO.java:OrganizationVO"
"proc_16_create","Create → BizException","Create → BizException","intra_community",4,"['comm_25']","Method:backend/src/main/java/com/freqmanage/module/system/controller/OrganizationController.java:OrganizationController.create#1","Constructor:backend/src/main/java/com/freqmanage/common/BizException.java:BizException.BizException#2"
"proc_17_page","Page → RoleVO","Page → RoleVO","intra_community",4,"['comm_26']","Method:backend/src/main/java/com/freqmanage/module/system/controller/RoleController.java:RoleController.page#1","Class:backend/src/main/java/com/freqmanage/module/system/vo/RoleVO.java:RoleVO"
"proc_18_page","Page → GetPermissionsByRoleId","Page → GetPermissionsByRoleId","cross_community",4,"['comm_26','comm_28']","Method:backend/src/main/java/com/freqmanage/module/system/controller/RoleController.java:RoleController.page#1","Method:backend/src/main/java/com/freqmanage/module/system/service/RoleService.java:RoleService.getPermissionsByRoleId#1"
"proc_19_page","Page → UserVO","Page → UserVO","intra_community",4,"['comm_29']","Method:backend/src/main/java/com/freqmanage/module/system/controller/UserController.java:UserController.page#1","Class:backend/src/main/java/com/freqmanage/module/system/vo/UserVO.java:UserVO"
"proc_20_update","Update → BizException","Update → BizException","intra_community",4,"['comm_25']","Method:backend/src/main/java/com/freqmanage/module/system/controller/OrganizationController.java:OrganizationController.update#2","Constructor:backend/src/main/java/com/freqmanage/common/BizException.java:BizException.BizException#2"
"proc_21_sidebar","Sidebar → Cn","Sidebar → Cn","cross_community",4,"['comm_62','comm_40']","Function:frontend/src/app/components/ui/sidebar.tsx:Sidebar","Function:frontend/src/app/components/ui/utils.ts:cn"
"proc_22_getregiondetail","GetRegionDetail → StationVO","GetRegionDetail → StationVO","intra_community",4,"['comm_13']","Method:backend/src/main/java/com/freqmanage/module/station/controller/StationController.java:StationController.getRegionDetail#2","Class:backend/src/main/java/com/freqmanage/module/station/vo/StationVO.java:StationVO"
"proc_23_app","App → LicenseBarTooltip","App → LicenseBarTooltip","cross_community",4,"['comm_42','comm_44']","Function:frontend/src/app/App.tsx:App","Function:frontend/src/app/components/Dashboard.tsx:LicenseBarTooltip"
"proc_24_app","App → SectionDivider","App → SectionDivider","cross_community",4,"['comm_42','comm_44']","Function:frontend/src/app/App.tsx:App","Function:frontend/src/app/components/Dashboard.tsx:SectionDivider"
"proc_25_app","App → ApplyDays","App → ApplyDays","cross_community",4,"['comm_42','comm_44']","Function:frontend/src/app/App.tsx:App","Function:frontend/src/app/components/Dashboard.tsx:applyDays"
"proc_26_app","App → HandleReset","App → HandleReset","intra_community",4,"['comm_42']","Function:frontend/src/app/App.tsx:App","Function:frontend/src/app/components/StationMap.tsx:handleReset"
"proc_27_app","App → FetchRegionDetail","App → FetchRegionDetail","cross_community",4,"['comm_42','comm_35']","Function:frontend/src/app/App.tsx:App","Function:frontend/src/app/components/StationStats.tsx:fetchRegionDetail"
"proc_28_dashboard","Dashboard → BubbleColor","Dashboard → BubbleColor","cross_community",4,"['comm_44','comm_54']","Function:frontend/src/app/components/Dashboard.tsx:Dashboard","Function:frontend/src/app/components/MongoliaProvinceMap.tsx:bubbleColor"
"proc_29_dashboard","Dashboard → BubbleSize","Dashboard → BubbleSize","cross_community",4,"['comm_44','comm_54']","Function:frontend/src/app/components/Dashboard.tsx:Dashboard","Function:frontend/src/app/components/MongoliaProvinceMap.tsx:bubbleSize"
"proc_30_getbyid","GetById → PermitVO","GetById → PermitVO","intra_community",4,"['comm_5']","Method:backend/src/main/java/com/freqmanage/module/permit/controller/PermitController.java:PermitController.getById#1","Class:backend/src/main/java/com/freqmanage/module/permit/vo/PermitVO.java:PermitVO"
"proc_31_getdetail","GetDetail → PermitVO","GetDetail → PermitVO","cross_community",4,"['comm_6','comm_5']","Method:backend/src/main/java/com/freqmanage/module/permit/controller/PermitController.java:PermitController.getDetail#1","Class:backend/src/main/java/com/freqmanage/module/permit/vo/PermitVO.java:PermitVO"
"proc_32_getdetail","GetDetail → FrequencyVO","GetDetail → FrequencyVO","cross_community",4,"['comm_6','comm_8']","Method:backend/src/main/java/com/freqmanage/module/permit/controller/PermitController.java:PermitController.getDetail#1","Class:backend/src/main/java/com/freqmanage/module/permit/vo/FrequencyVO.java:FrequencyVO"
"proc_33_getfrequencies","GetFrequencies → FrequencyVO","GetFrequencies → FrequencyVO","intra_community",4,"['comm_8']","Method:backend/src/main/java/com/freqmanage/module/permit/controller/PermitController.java:PermitController.getFrequencies#1","Class:backend/src/main/java/com/freqmanage/module/permit/vo/FrequencyVO.java:FrequencyVO"
"proc_34_getstationpermits","GetStationPermits → StationPermitVO","GetStationPermits → StationPermitVO","cross_community",4,"['comm_9','comm_6']","Method:backend/src/main/java/com/freqmanage/module/permit/controller/PermitController.java:PermitController.getStationPermits#1","Class:backend/src/main/java/com/freqmanage/module/permit/vo/StationPermitVO.java:StationPermitVO"
"proc_35_getbyid","GetById → PlanningVO","GetById → PlanningVO","intra_community",4,"['comm_11']","Method:backend/src/main/java/com/freqmanage/module/planning/controller/PlanningController.java:PlanningController.getById#1","Class:backend/src/main/java/com/freqmanage/module/planning/vo/PlanningVO.java:PlanningVO"
"proc_36_getbyid","GetById → StationVO","GetById → StationVO","intra_community",4,"['comm_13']","Method:backend/src/main/java/com/freqmanage/module/station/controller/StationController.java:StationController.getById#1","Class:backend/src/main/java/com/freqmanage/module/station/vo/StationVO.java:StationVO"
"proc_37_getmappoints","GetMapPoints → StationMapVO","GetMapPoints → StationMapVO","intra_community",4,"['comm_15']","Method:backend/src/main/java/com/freqmanage/module/station/controller/StationController.java:StationController.getMapPoints#0","Class:backend/src/main/java/com/freqmanage/module/station/vo/StationMapVO.java:StationMapVO"
"proc_38_getmappoints","GetMapPoints → ComputeStatus","GetMapPoints → ComputeStatus","intra_community",4,"['comm_15']","Method:backend/src/main/java/com/freqmanage/module/station/controller/StationController.java:StationController.getMapPoints#0","Method:backend/src/main/java/com/freqmanage/module/station/service/StationService.java:StationService.computeStatus#1"
"proc_39_getbyid","GetById → OrganizationVO","GetById → OrganizationVO","intra_community",4,"['comm_24']","Method:backend/src/main/java/com/freqmanage/module/system/controller/OrganizationController.java:OrganizationController.getById#1","Class:backend/src/main/java/com/freqmanage/module/system/vo/OrganizationVO.java:OrganizationVO"
"proc_40_getbyid","GetById → RoleVO","GetById → RoleVO","intra_community",4,"['comm_26']","Method:backend/src/main/java/com/freqmanage/module/system/controller/RoleController.java:RoleController.getById#1","Class:backend/src/main/java/com/freqmanage/module/system/vo/RoleVO.java:RoleVO"
"proc_41_getbyid","GetById → GetPermissionsByRoleId","GetById → GetPermissionsByRoleId","cross_community",4,"['comm_26','comm_28']","Method:backend/src/main/java/com/freqmanage/module/system/controller/RoleController.java:RoleController.getById#1","Method:backend/src/main/java/com/freqmanage/module/system/service/RoleService.java:RoleService.getPermissionsByRoleId#1"
"proc_42_getbyid","GetById → UserVO","GetById → UserVO","intra_community",4,"['comm_29']","Method:backend/src/main/java/com/freqmanage/module/system/controller/UserController.java:UserController.getById#1","Class:backend/src/main/java/com/freqmanage/module/system/vo/UserVO.java:UserVO"
"proc_43_getbyusername","GetByUsername → UserVO","GetByUsername → UserVO","intra_community",4,"['comm_29']","Method:backend/src/main/java/com/freqmanage/module/system/controller/UserController.java:UserController.getByUsername#1","Class:backend/src/main/java/com/freqmanage/module/system/vo/UserVO.java:UserVO"
"proc_44_frequencyplanning","FrequencyPlanning → TrimFreqNumber","FrequencyPlanning → TrimFreqNumber","cross_community",4,"['comm_50','comm_49']","Function:frontend/src/app/components/FrequencyPlanning.tsx:FrequencyPlanning","Function:frontend/src/app/components/FrequencyPlanning.tsx:trimFreqNumber"
"proc_45_blocks","Blocks → TrimFreqNumber","Blocks → TrimFreqNumber","intra_community",4,"['comm_49']","Function:frontend/src/app/components/FrequencyPlanning.tsx:blocks","Function:frontend/src/app/components/FrequencyPlanning.tsx:trimFreqNumber"
"proc_46_stationrecords","StationRecords → TrimFreqNumber","StationRecords → TrimFreqNumber","cross_community",4,"['comm_50','comm_49']","Function:frontend/src/app/components/FrequencyPlanning.tsx:stationRecords","Function:frontend/src/app/components/FrequencyPlanning.tsx:trimFreqNumber"
"proc_47_me","Me → GetPermissionsByRoleId","Me → GetPermissionsByRoleId","cross_community",3,"['comm_4','comm_28']","Method:backend/src/main/java/com/freqmanage/module/auth/AuthController.java:AuthController.me#1","Method:backend/src/main/java/com/freqmanage/module/system/service/RoleService.java:RoleService.getPermissionsByRoleId#1"
"proc_48_datamanagement","DataManagement → FetchStationData","DataManagement → FetchStationData","cross_community",3,"['comm_43','comm_48']","Function:frontend/src/app/components/DataManagement.tsx:DataManagement","Function:frontend/src/app/components/DataManagement.tsx:fetchStationData"
"proc_49_datamanagement","DataManagement → FetchLicenseData","DataManagement → FetchLicenseData","cross_community",3,"['comm_43','comm_48']","Function:frontend/src/app/components/DataManagement.tsx:DataManagement","Function:frontend/src/app/components/DataManagement.tsx:fetchLicenseData"
"proc_50_datamanagement","DataManagement → FetchPlanningData","DataManagement → FetchPlanningData","cross_community",3,"['comm_43','comm_48']","Function:frontend/src/app/components/DataManagement.tsx:DataManagement","Function:frontend/src/app/components/DataManagement.tsx:fetchPlanningData"
"proc_51_changepassword","ChangePassword → GetByUsernameEntity","ChangePassword → GetByUsernameEntity","intra_community",3,"['comm_4']","Method:backend/src/main/java/com/freqmanage/module/auth/AuthController.java:AuthController.changePassword#2","Method:backend/src/main/java/com/freqmanage/module/system/service/UserService.java:UserService.getByUsernameEntity#1"
"proc_52_changepassword","ChangePassword → BizException","ChangePassword → BizException","intra_community",3,"['comm_4']","Method:backend/src/main/java/com/freqmanage/module/auth/AuthController.java:AuthController.changePassword#2","Constructor:backend/src/main/java/com/freqmanage/common/BizException.java:BizException.BizException#2"
"proc_53_createfrequency","CreateFrequency → RsbtSpecialPermitFrequency","CreateFrequency → RsbtSpecialPermitFrequency","intra_community",3,"['comm_1']","Method:backend/src/main/java/com/freqmanage/module/permit/controller/PermitController.java:PermitController.createFrequency#1","Class:backend/src/main/java/com/freqmanage/module/permit/entity/RsbtSpecialPermitFrequency.java:RsbtSpecialPermitFrequency"
"proc_54_createstationpermit","CreateStationPermit → RsbtSpecialPermitStation","CreateStationPermit → RsbtSpecialPermitStation","intra_community",3,"['comm_1']","Method:backend/src/main/java/com/freqmanage/module/permit/controller/PermitController.java:PermitController.createStationPermit#1","Class:backend/src/main/java/com/freqmanage/module/permit/entity/RsbtSpecialPermitStation.java:RsbtSpecialPermitStation"
"proc_55_create","Create → RsbtSpecialPermit","Create → RsbtSpecialPermit","intra_community",3,"['comm_7']","Method:backend/src/main/java/com/freqmanage/module/permit/controller/PermitController.java:PermitController.create#1","Class:backend/src/main/java/com/freqmanage/module/permit/entity/RsbtSpecialPermit.java:RsbtSpecialPermit"
"proc_56_create","Create → CopyProperties","Create → CopyProperties","intra_community",3,"['comm_7']","Method:backend/src/main/java/com/freqmanage/module/permit/controller/PermitController.java:PermitController.create#1","Method:backend/src/main/java/com/freqmanage/module/permit/service/PermitService.java:PermitService.copyProperties#2"
"proc_57_create","Create → RsbtPlanning","Create → RsbtPlanning","intra_community",3,"['comm_12']","Method:backend/src/main/java/com/freqmanage/module/planning/controller/PlanningController.java:PlanningController.create#1","Class:backend/src/main/java/com/freqmanage/module/planning/entity/RsbtPlanning.java:RsbtPlanning"
"proc_58_create","Create → CopyProperties","Create → CopyProperties","intra_community",3,"['comm_12']","Method:backend/src/main/java/com/freqmanage/module/planning/controller/PlanningController.java:PlanningController.create#1","Method:backend/src/main/java/com/freqmanage/module/planning/service/PlanningService.java:PlanningService.copyProperties#2"
"proc_59_overview","Overview → PlanningOverviewVO","Overview → PlanningOverviewVO","intra_community",3,"['comm_0']","Method:backend/src/main/java/com/freqmanage/module/planning/controller/PlanningController.java:PlanningController.overview#0","Class:backend/src/main/java/com/freqmanage/module/planning/vo/PlanningOverviewVO.java:PlanningOverviewVO"
"proc_60_create","Create → RsbtStation","Create → RsbtStation","intra_community",3,"['comm_14']","Method:backend/src/main/java/com/freqmanage/module/station/controller/StationController.java:StationController.create#1","Class:backend/src/main/java/com/freqmanage/module/station/entity/RsbtStation.java:RsbtStation"
"proc_61_create","Create → CopyProperties","Create → CopyProperties","intra_community",3,"['comm_14']","Method:backend/src/main/java/com/freqmanage/module/station/controller/StationController.java:StationController.create#1","Method:backend/src/main/java/com/freqmanage/module/station/service/StationService.java:StationService.copyProperties#2"
"proc_62_overview","Overview → DashboardOverviewVO","Overview → DashboardOverviewVO","intra_community",3,"['comm_16']","Method:backend/src/main/java/com/freqmanage/module/statistics/controller/DashboardController.java:DashboardController.overview#0","Class:backend/src/main/java/com/freqmanage/module/statistics/vo/DashboardOverviewVO.java:DashboardOverviewVO"
"proc_63_overview","Overview → CalcGrowthRate","Overview → CalcGrowthRate","intra_community",3,"['comm_16']","Method:backend/src/main/java/com/freqmanage/module/statistics/controller/DashboardController.java:DashboardController.overview#0","Method:backend/src/main/java/com/freqmanage/module/statistics/service/DashboardService.java:DashboardService.calcGrowthRate#2"
"proc_64_overview","Overview → CountThisMonthStations","Overview → CountThisMonthStations","intra_community",3,"['comm_16']","Method:backend/src/main/java/com/freqmanage/module/statistics/controller/DashboardController.java:DashboardController.overview#0","Method:backend/src/main/java/com/freqmanage/module/statistics/service/DashboardService.java:DashboardService.countThisMonthStations#1"
"proc_65_overview","Overview → CountLastMonthStations","Overview → CountLastMonthStations","intra_community",3,"['comm_16']","Method:backend/src/main/java/com/freqmanage/module/statistics/controller/DashboardController.java:DashboardController.overview#0","Method:backend/src/main/java/com/freqmanage/module/statistics/service/DashboardService.java:DashboardService.countLastMonthStations#1"
"proc_66_stationregion","StationRegion → ProvinceStationVO","StationRegion → ProvinceStationVO","intra_community",3,"['comm_18']","Method:backend/src/main/java/com/freqmanage/module/statistics/controller/StatisticsController.java:StatisticsController.stationRegion#0","Class:backend/src/main/java/com/freqmanage/module/statistics/vo/ProvinceStationVO.java:ProvinceStationVO"
"proc_67_stationgrowth","StationGrowth → StationGrowthVO","StationGrowth → StationGrowthVO","intra_community",3,"['comm_19']","Method:backend/src/main/java/com/freqmanage/module/statistics/controller/StatisticsController.java:StatisticsController.stationGrowth#0","Class:backend/src/main/java/com/freqmanage/module/statistics/vo/StationGrowthVO.java:StationGrowthVO"
"proc_68_permitusagegrowth","PermitUsageGrowth → PermitUsageGrowthVO","PermitUsageGrowth → PermitUsageGrowthVO","intra_community",3,"['comm_0']","Method:backend/src/main/java/com/freqmanage/module/statistics/controller/StatisticsController.java:StatisticsController.permitUsageGrowth#0","Class:backend/src/main/java/com/freqmanage/module/statistics/vo/PermitUsageGrowthVO.java:PermitUsageGrowthVO"
"proc_69_permitusagebymonth","PermitUsageByMonth → FetchPermitsByYear","PermitUsageByMonth → FetchPermitsByYear","intra_community",3,"['comm_20']","Method:backend/src/main/java/com/freqmanage/module/statistics/controller/StatisticsController.java:StatisticsController.permitUsageByMonth#3","Method:backend/src/main/java/com/freqmanage/module/statistics/service/StatisticsService.java:StatisticsService.fetchPermitsByYear#3"
"proc_70_permitusagebymonth","PermitUsageByMonth → PermitUsageByMonthVO","PermitUsageByMonth → PermitUsageByMonthVO","intra_community",3,"['comm_20']","Method:backend/src/main/java/com/freqmanage/module/statistics/controller/StatisticsController.java:StatisticsController.permitUsageByMonth#3","Class:backend/src/main/java/com/freqmanage/module/statistics/vo/PermitUsageByMonthVO.java:PermitUsageByMonthVO"
"proc_71_permitcountbytype","PermitCountByType → CountByCategoryAndProvince","PermitCountByType → CountByCategoryAndProvince","intra_community",3,"['comm_10']","Method:backend/src/main/java/com/freqmanage/module/statistics/controller/StatisticsController.java:StatisticsController.permitCountByType#2","Method:backend/src/main/java/com/freqmanage/module/permit/mapper/SpecialPermitMapper.java:SpecialPermitMapper.countByCategoryAndProvince#2"
"proc_72_permitcountbytype","PermitCountByType → LicenseCountByTypeVO","PermitCountByType → LicenseCountByTypeVO","intra_community",3,"['comm_10']","Method:backend/src/main/java/com/freqmanage/module/statistics/controller/StatisticsController.java:StatisticsController.permitCountByType#2","Class:backend/src/main/java/com/freqmanage/module/statistics/vo/LicenseCountByTypeVO.java:LicenseCountByTypeVO"
"proc_73_permitstationcountde","PermitStationCountDetail → StationCountDetailVO","PermitStationCountDetail → StationCountDetailVO","intra_community",3,"['comm_0']","Method:backend/src/main/java/com/freqmanage/module/statistics/controller/StatisticsController.java:StatisticsController.permitStationCountDetail#2","Class:backend/src/main/java/com/freqmanage/module/statistics/vo/StationCountDetailVO.java:StationCountDetailVO"
"proc_74_permitvalidityforeca","PermitValidityForecast → ValidityForecastVO","PermitValidityForecast → ValidityForecastVO","intra_community",3,"['comm_0']","Method:backend/src/main/java/com/freqmanage/module/statistics/controller/StatisticsController.java:StatisticsController.permitValidityForecast#2","Class:backend/src/main/java/com/freqmanage/module/statistics/vo/ValidityForecastVO.java:ValidityForecastVO"
"proc_75_stationgrowthtrend","StationGrowthTrend → CountStations","StationGrowthTrend → CountStations","intra_community",3,"['comm_22']","Method:backend/src/main/java/com/freqmanage/module/statistics/controller/StatisticsController.java:StatisticsController.stationGrowthTrend#3","Method:backend/src/main/java/com/freqmanage/module/statistics/service/StatisticsService.java:StatisticsService.countStations#4"
"proc_76_stationgrowthtrend","StationGrowthTrend → MonthlyGrowthVO","StationGrowthTrend → MonthlyGrowthVO","intra_community",3,"['comm_22']","Method:backend/src/main/java/com/freqmanage/module/statistics/controller/StatisticsController.java:StatisticsController.stationGrowthTrend#3","Class:backend/src/main/java/com/freqmanage/module/statistics/vo/MonthlyGrowthVO.java:MonthlyGrowthVO"
"proc_77_create","Create → RsbtOrganization","Create → RsbtOrganization","intra_community",3,"['comm_25']","Method:backend/src/main/java/com/freqmanage/module/system/controller/OrganizationController.java:OrganizationController.create#1","Class:backend/src/main/java/com/freqmanage/module/system/entity/RsbtOrganization.java:RsbtOrganization"
"proc_78_create","Create → CopyProperties","Create → CopyProperties","intra_community",3,"['comm_25']","Method:backend/src/main/java/com/freqmanage/module/system/controller/OrganizationController.java:OrganizationController.create#1","Method:backend/src/main/java/com/freqmanage/module/system/service/OrganizationService.java:OrganizationService.copyProperties#2"
"proc_79_create","Create → BizException","Create → BizException","intra_community",3,"['comm_27']","Method:backend/src/main/java/com/freqmanage/module/system/controller/RoleController.java:RoleController.create#1","Constructor:backend/src/main/java/com/freqmanage/common/BizException.java:BizException.BizException#2"
"proc_80_create","Create → RsbtRole","Create → RsbtRole","intra_community",3,"['comm_27']","Method:backend/src/main/java/com/freqmanage/module/system/controller/RoleController.java:RoleController.create#1","Class:backend/src/main/java/com/freqmanage/module/system/entity/RsbtRole.java:RsbtRole"
"proc_81_create","Create → RsbtRolePermission","Create → RsbtRolePermission","intra_community",3,"['comm_27']","Method:backend/src/main/java/com/freqmanage/module/system/controller/RoleController.java:RoleController.create#1","Class:backend/src/main/java/com/freqmanage/module/system/entity/RsbtRolePermission.java:RsbtRolePermission"
"proc_82_create","Create → BizException","Create → BizException","intra_community",3,"['comm_1']","Method:backend/src/main/java/com/freqmanage/module/system/controller/UserController.java:UserController.create#1","Constructor:backend/src/main/java/com/freqmanage/common/BizException.java:BizException.BizException#2"
"proc_83_create","Create → RsbtUser","Create → RsbtUser","intra_community",3,"['comm_1']","Method:backend/src/main/java/com/freqmanage/module/system/controller/UserController.java:UserController.create#1","Class:backend/src/main/java/com/freqmanage/module/system/entity/RsbtUser.java:RsbtUser"
"proc_84_resetpassword","ResetPassword → BizException","ResetPassword → BizException","intra_community",3,"['comm_1']","Method:backend/src/main/java/com/freqmanage/module/system/controller/UserController.java:UserController.resetPassword#2","Constructor:backend/src/main/java/com/freqmanage/common/BizException.java:BizException.BizException#2"
"proc_85_update","Update → BizException","Update → BizException","intra_community",3,"['comm_7']","Method:backend/src/main/java/com/freqmanage/module/permit/controller/PermitController.java:PermitController.update#2","Constructor:backend/src/main/java/com/freqmanage/common/BizException.java:BizException.BizException#2"
"proc_86_update","Update → CopyProperties","Update → CopyProperties","intra_community",3,"['comm_7']","Method:backend/src/main/java/com/freqmanage/module/permit/controller/PermitController.java:PermitController.update#2","Method:backend/src/main/java/com/freqmanage/module/permit/service/PermitService.java:PermitService.copyProperties#2"
"proc_87_updatefrequency","UpdateFrequency → BizException","UpdateFrequency → BizException","intra_community",3,"['comm_1']","Method:backend/src/main/java/com/freqmanage/module/permit/controller/PermitController.java:PermitController.updateFrequency#2","Constructor:backend/src/main/java/com/freqmanage/common/BizException.java:BizException.BizException#2"
"proc_88_updatestationpermit","UpdateStationPermit → BizException","UpdateStationPermit → BizException","intra_community",3,"['comm_1']","Method:backend/src/main/java/com/freqmanage/module/permit/controller/PermitController.java:PermitController.updateStationPermit#2","Constructor:backend/src/main/java/com/freqmanage/common/BizException.java:BizException.BizException#2"
"proc_89_update","Update → BizException","Update → BizException","intra_community",3,"['comm_12']","Method:backend/src/main/java/com/freqmanage/module/planning/controller/PlanningController.java:PlanningController.update#2","Constructor:backend/src/main/java/com/freqmanage/common/BizException.java:BizException.BizException#2"
"proc_90_update","Update → CopyProperties","Update → CopyProperties","intra_community",3,"['comm_12']","Method:backend/src/main/java/com/freqmanage/module/planning/controller/PlanningController.java:PlanningController.update#2","Method:backend/src/main/java/com/freqmanage/module/planning/service/PlanningService.java:PlanningService.copyProperties#2"
"proc_91_update","Update → BizException","Update → BizException","intra_community",3,"['comm_14']","Method:backend/src/main/java/com/freqmanage/module/station/controller/StationController.java:StationController.update#2","Constructor:backend/src/main/java/com/freqmanage/common/BizException.java:BizException.BizException#2"
"proc_92_update","Update → CopyProperties","Update → CopyProperties","intra_community",3,"['comm_14']","Method:backend/src/main/java/com/freqmanage/module/station/controller/StationController.java:StationController.update#2","Method:backend/src/main/java/com/freqmanage/module/station/service/StationService.java:StationService.copyProperties#2"
"proc_93_update","Update → CopyProperties","Update → CopyProperties","intra_community",3,"['comm_25']","Method:backend/src/main/java/com/freqmanage/module/system/controller/OrganizationController.java:OrganizationController.update#2","Method:backend/src/main/java/com/freqmanage/module/system/service/OrganizationService.java:OrganizationService.copyProperties#2"
"proc_94_delete","Delete → BizException","Delete → BizException","intra_community",3,"['comm_1']","Method:backend/src/main/java/com/freqmanage/module/system/controller/OrganizationController.java:OrganizationController.delete#1","Constructor:backend/src/main/java/com/freqmanage/common/BizException.java:BizException.BizException#2"
"proc_95_update","Update → BizException","Update → BizException","intra_community",3,"['comm_27']","Method:backend/src/main/java/com/freqmanage/module/system/controller/RoleController.java:RoleController.update#2","Constructor:backend/src/main/java/com/freqmanage/common/BizException.java:BizException.BizException#2"
"proc_96_update","Update → RsbtRolePermission","Update → RsbtRolePermission","intra_community",3,"['comm_27']","Method:backend/src/main/java/com/freqmanage/module/system/controller/RoleController.java:RoleController.update#2","Class:backend/src/main/java/com/freqmanage/module/system/entity/RsbtRolePermission.java:RsbtRolePermission"
"proc_97_delete","Delete → BizException","Delete → BizException","intra_community",3,"['comm_1']","Method:backend/src/main/java/com/freqmanage/module/system/controller/RoleController.java:RoleController.delete#1","Constructor:backend/src/main/java/com/freqmanage/common/BizException.java:BizException.BizException#2"
"proc_98_update","Update → BizException","Update → BizException","intra_community",3,"['comm_1']","Method:backend/src/main/java/com/freqmanage/module/system/controller/UserController.java:UserController.update#2","Constructor:backend/src/main/java/com/freqmanage/common/BizException.java:BizException.BizException#2"
"proc_99_systemmanagement","SystemManagement → LoadData","SystemManagement → LoadData","cross_community",3,"['comm_55','comm_56']","Function:frontend/src/app/components/SystemManagement.tsx:SystemManagement","Function:frontend/src/app/components/SystemManagement.tsx:loadData"
"proc_100_sidebar","Sidebar → SheetPortal","Sidebar → SheetPortal","intra_community",3,"['comm_62']","Function:frontend/src/app/components/ui/sidebar.tsx:Sidebar","Function:frontend/src/app/components/ui/sheet.tsx:SheetPortal"
"proc_101_commanddialog","CommandDialog → Cn","CommandDialog → Cn","cross_community",3,"['comm_60','comm_40']","Function:frontend/src/app/components/ui/command.tsx:CommandDialog","Function:frontend/src/app/components/ui/utils.ts:cn"
"proc_102_stationstats","StationStats → Request","StationStats → Request","intra_community",3,"['comm_35']","Function:frontend/src/app/components/StationStats.tsx:StationStats","Function:frontend/src/app/api/request.ts:request"
"proc_103_sidebarmenubutton","SidebarMenuButton → TooltipProvider","SidebarMenuButton → TooltipProvider","cross_community",3,"['comm_63','comm_39']","Function:frontend/src/app/components/ui/sidebar.tsx:SidebarMenuButton","Function:frontend/src/app/components/ui/tooltip.tsx:TooltipProvider"
"proc_104_getbyid","GetById → BizException","GetById → BizException","intra_community",3,"['comm_5']","Method:backend/src/main/java/com/freqmanage/module/permit/controller/PermitController.java:PermitController.getById#1","Constructor:backend/src/main/java/com/freqmanage/common/BizException.java:BizException.BizException#2"
"proc_105_getdetail","GetDetail → BizException","GetDetail → BizException","intra_community",3,"['comm_6']","Method:backend/src/main/java/com/freqmanage/module/permit/controller/PermitController.java:PermitController.getDetail#1","Constructor:backend/src/main/java/com/freqmanage/common/BizException.java:BizException.BizException#2"
"proc_106_getdetail","GetDetail → PermitDetailVO","GetDetail → PermitDetailVO","intra_community",3,"['comm_6']","Method:backend/src/main/java/com/freqmanage/module/permit/controller/PermitController.java:PermitController.getDetail#1","Class:backend/src/main/java/com/freqmanage/module/permit/vo/PermitDetailVO.java:PermitDetailVO"
"proc_107_getbyid","GetById → BizException","GetById → BizException","intra_community",3,"['comm_11']","Method:backend/src/main/java/com/freqmanage/module/planning/controller/PlanningController.java:PlanningController.getById#1","Constructor:backend/src/main/java/com/freqmanage/common/BizException.java:BizException.BizException#2"
"proc_108_getbyid","GetById → BizException","GetById → BizException","intra_community",3,"['comm_13']","Method:backend/src/main/java/com/freqmanage/module/station/controller/StationController.java:StationController.getById#1","Constructor:backend/src/main/java/com/freqmanage/common/BizException.java:BizException.BizException#2"
"proc_109_getstats","GetStats → StationStatsVO","GetStats → StationStatsVO","intra_community",3,"['comm_0']","Method:backend/src/main/java/com/freqmanage/module/station/controller/StationController.java:StationController.getStats#0","Class:backend/src/main/java/com/freqmanage/module/station/vo/StationStatsVO.java:StationStatsVO"
"proc_110_getbyid","GetById → BizException","GetById → BizException","intra_community",3,"['comm_24']","Method:backend/src/main/java/com/freqmanage/module/system/controller/OrganizationController.java:OrganizationController.getById#1","Constructor:backend/src/main/java/com/freqmanage/common/BizException.java:BizException.BizException#2"
"proc_111_getbyid","GetById → BizException","GetById → BizException","intra_community",3,"['comm_26']","Method:backend/src/main/java/com/freqmanage/module/system/controller/RoleController.java:RoleController.getById#1","Constructor:backend/src/main/java/com/freqmanage/common/BizException.java:BizException.BizException#2"
"proc_112_getbyid","GetById → BizException","GetById → BizException","intra_community",3,"['comm_29']","Method:backend/src/main/java/com/freqmanage/module/system/controller/UserController.java:UserController.getById#1","Constructor:backend/src/main/java/com/freqmanage/common/BizException.java:BizException.BizException#2"
"proc_113_records","Records → ComputeStatus","Records → ComputeStatus","intra_community",3,"['comm_53']","Function:frontend/src/app/components/LicenseAnalysis.tsx:records","Function:frontend/src/app/components/LicenseAnalysis.tsx:computeStatus"
"proc_114_sidebartrigger","SidebarTrigger → Cn","SidebarTrigger → Cn","cross_community",3,"['comm_64','comm_57','comm_40']","Function:frontend/src/app/components/ui/sidebar.tsx:SidebarTrigger","Function:frontend/src/app/components/ui/utils.ts:cn"
"proc_115_sidebartrigger","SidebarTrigger → SetOpen","SidebarTrigger → SetOpen","intra_community",3,"['comm_64']","Function:frontend/src/app/components/ui/sidebar.tsx:SidebarTrigger","Function:frontend/src/app/components/ui/sidebar.tsx:setOpen"
"proc_116_alertdialogcontent","AlertDialogContent → Cn","AlertDialogContent → Cn","intra_community",3,"['comm_40']","Function:frontend/src/app/components/ui/alert-dialog.tsx:AlertDialogContent","Function:frontend/src/app/components/ui/utils.ts:cn"
"proc_117_carouselprevious","CarouselPrevious → Cn","CarouselPrevious → Cn","cross_community",3,"['comm_57','comm_40']","Function:frontend/src/app/components/ui/carousel.tsx:CarouselPrevious","Function:frontend/src/app/components/ui/utils.ts:cn"
"proc_118_carouselnext","CarouselNext → Cn","CarouselNext → Cn","cross_community",3,"['comm_57','comm_40']","Function:frontend/src/app/components/ui/carousel.tsx:CarouselNext","Function:frontend/src/app/components/ui/utils.ts:cn"
"proc_119_drawercontent","DrawerContent → Cn","DrawerContent → Cn","intra_community",3,"['comm_40']","Function:frontend/src/app/components/ui/drawer.tsx:DrawerContent","Function:frontend/src/app/components/ui/utils.ts:cn"
"proc_120_formlabel","FormLabel → Cn","FormLabel → Cn","cross_community",3,"['comm_61','comm_40']","Function:frontend/src/app/components/ui/form.tsx:FormLabel","Function:frontend/src/app/components/ui/utils.ts:cn"
"proc_121_selectcontent","SelectContent → Cn","SelectContent → Cn","intra_community",3,"['comm_40']","Function:frontend/src/app/components/ui/select.tsx:SelectContent","Function:frontend/src/app/components/ui/utils.ts:cn"
"proc_122_dofilterinternal","DoFilterInternal → GetByUsernameEntity","DoFilterInternal → GetByUsernameEntity","cross_community",3,"['comm_28','comm_4']","Method:backend/src/main/java/com/freqmanage/security/JwtFilter.java:JwtFilter.doFilterInternal#3","Method:backend/src/main/java/com/freqmanage/module/system/service/UserService.java:UserService.getByUsernameEntity#1"
"proc_123_dofilterinternal","DoFilterInternal → GetPermissionsByRoleId","DoFilterInternal → GetPermissionsByRoleId","intra_community",3,"['comm_28']","Method:backend/src/main/java/com/freqmanage/security/JwtFilter.java:JwtFilter.doFilterInternal#3","Method:backend/src/main/java/com/freqmanage/module/system/service/RoleService.java:RoleService.getPermissionsByRoleId#1"
"proc_124_blocks","Blocks → DeriveStatus","Blocks → DeriveStatus","intra_community",3,"['comm_49']","Function:frontend/src/app/components/FrequencyPlanning.tsx:blocks","Function:frontend/src/app/components/FrequencyPlanning.tsx:deriveStatus"
"proc_125_blocks","Blocks → RadioservicesToColor","Blocks → RadioservicesToColor","intra_community",3,"['comm_49']","Function:frontend/src/app/components/FrequencyPlanning.tsx:blocks","Function:frontend/src/app/components/FrequencyPlanning.tsx:radioservicesToColor"
"proc_126_blocks","Blocks → ParseFrequencyToKhz","Blocks → ParseFrequencyToKhz","intra_community",3,"['comm_49']","Function:frontend/src/app/components/FrequencyPlanning.tsx:blocks","Function:frontend/src/app/components/FrequencyPlanning.tsx:parseFrequencyToKhz"
"proc_127_navigationmenu","NavigationMenu → Cn","NavigationMenu → Cn","intra_community",3,"['comm_40']","Function:frontend/src/app/components/ui/navigation-menu.tsx:NavigationMenu","Function:frontend/src/app/components/ui/utils.ts:cn"
"proc_128_scrollarea","ScrollArea → Cn","ScrollArea → Cn","intra_community",3,"['comm_40']","Function:frontend/src/app/components/ui/scroll-area.tsx:ScrollArea","Function:frontend/src/app/components/ui/utils.ts:cn"
"proc_129_sidebarinput","SidebarInput → Cn","SidebarInput → Cn","intra_community",3,"['comm_40']","Function:frontend/src/app/components/ui/sidebar.tsx:SidebarInput","Function:frontend/src/app/components/ui/utils.ts:cn"
"proc_130_sidebarseparator","SidebarSeparator → Cn","SidebarSeparator → Cn","intra_community",3,"['comm_40']","Function:frontend/src/app/components/ui/sidebar.tsx:SidebarSeparator","Function:frontend/src/app/components/ui/utils.ts:cn"
"proc_131_sidebarmenuskeleton","SidebarMenuSkeleton → Cn","SidebarMenuSkeleton → Cn","intra_community",3,"['comm_40']","Function:frontend/src/app/components/ui/sidebar.tsx:SidebarMenuSkeleton","Function:frontend/src/app/components/ui/utils.ts:cn"
"proc_132_dialogcontent","DialogContent → Cn","DialogContent → Cn","cross_community",3,"['comm_60','comm_40']","Function:frontend/src/app/components/ui/dialog.tsx:DialogContent","Function:frontend/src/app/components/ui/utils.ts:cn"
"proc_133_handlekeydown","HandleKeyDown → SetOpen","HandleKeyDown → SetOpen","intra_community",3,"['comm_64']","Function:frontend/src/app/components/ui/sidebar.tsx:handleKeyDown","Function:frontend/src/app/components/ui/sidebar.tsx:setOpen"
